<!DOCTYPE hibernate-mapping PUBLIC "-//Hibernate/Hibernate Mapping DTD 3.0//EN" "http://hibernate.sourceforge.net/hibernate-mapping-3.0.dtd">
<hibernate-mapping>
    <class name="com.mcddb.data.SideEffectOutcomes" table="side_effect_outcomes" schema="public" dynamic-insert="false" dynamic-update="false">
        <id name="id" type="integer">
            <column name="id"/>
            <generator class="identity"/>
        </id>
        <property name="participantno" type="integer">
            <column name="participantno"/>
        </property>
        <property name="outcome" type="string">
            <column name="outcome"/>
        </property>
    </class>
</hibernate-mapping>