<!DOCTYPE hibernate-mapping PUBLIC "-//Hibernate/Hibernate Mapping DTD 3.0//EN" "http://hibernate.sourceforge.net/hibernate-mapping-3.0.dtd">
<hibernate-mapping>
    <class name="com.mcddb.data.ClinicalComplaints" table="clinical_complaints" schema="public" dynamic-insert="false" dynamic-update="false">
        <id name="id" type="integer">
            <column name="id"/>
            <generator class="identity"/>
        </id>
        <property name="participantno" type="integer">
            <column name="participantno"/>
        </property>
        <property name="complaint" type="string">
            <column name="complaint"/>
        </property>
    </class>
</hibernate-mapping>