<!DOCTYPE hibernate-mapping PUBLIC "-//Hibernate/Hibernate Mapping DTD 3.0//EN" "http://hibernate.sourceforge.net/hibernate-mapping-3.0.dtd">
<hibernate-mapping>
    <class name="com.mcddb.data.Cvd" table="cvd" schema="public" dynamic-insert="false" dynamic-update="false">
        <id name="id" type="integer">
            <column name="id"/>
            <generator class="identity"/>
        </id>
        <property name="serolinknumber" type="string">
            <column name="serolinknumber"/>
        </property>
        <property name="knowncvcondition" type="string">
            <column name="knowncvcondition"/>
        </property>
        <property name="intreatment" type="string">
            <column name="intreatment"/>
        </property>
        <property name="riskfactors" type="string">
            <column name="riskfactors"/>
        </property>
        <property name="symptoms" type="string">
            <column name="symptoms"/>
        </property>
        <property name="physicalexam" type="string">
            <column name="physicalexam"/>
        </property>
        <property name="referral" type="string">
            <column name="referral"/>
        </property>
        <property name="insertby" type="integer">
            <column name="insertby"/>
        </property>
        <property name="insertdate" type="date">
            <column name="insertdate" length="13"/>
        </property>
        <property name="clinician" type="string">
            <column name="clinician"/>
        </property>
    </class>
</hibernate-mapping>