<!DOCTYPE hibernate-mapping PUBLIC "-//Hibernate/Hibernate Mapping DTD 3.0//EN" "http://hibernate.sourceforge.net/hibernate-mapping-3.0.dtd">
<hibernate-mapping>
    <class name="com.mcddb.data.Referral" table="referral" schema="public" dynamic-insert="false" dynamic-update="false">
        <id name="id" type="integer">
            <column name="id"/>
            <generator class="identity"/>
        </id>
        <property name="serolinknumber" type="integer">
            <column name="serolinknumber"/>
        </property>
        <property name="facility" type="string">
            <column name="facility"/>
        </property>
        <property name="reason" type="string">
            <column name="reason"/>
        </property>
    </class>
</hibernate-mapping>