<?xml version="1.0" encoding="UTF-8" standalone="yes"?>
<service xmlns="http://www.activegrid.com/namespaces/ServiceDefinitions/1.0" id="mcdDB" class="com.mcddb.McdDB" CRUDService="true" type="DataService" springFile="mcdDB.spring.xml">
    <operation operationType="hqlquery" name="getHivById">
        <parameter name="id" typeRef="java.lang.Integer" isList="false"/>
        <return typeRef="com.mcddb.data.Hiv" isList="false"/>
    </operation>
    <dataobjects>
        <dataobject javaType="com.mcddb.data.ClinicalMain" supportsQuickData="true">
            <element name="id" typeRef="java.lang.Integer" isList="false" allowNull="false">
                <require>delete</require>
                <require>read</require>
                <require>update</require>
                <noChange>delete</noChange>
                <noChange>read</noChange>
                <noChange>update</noChange>
                <exclude>insert</exclude>
            </element>
            <element name="date" typeRef="java.util.Date" isList="false" allowNull="true"/>
            <element name="serolinknumber" typeRef="java.lang.String" isList="false" allowNull="true"/>
            <element name="age" typeRef="java.lang.Integer" isList="false" allowNull="true"/>
            <element name="gender" typeRef="java.lang.String" isList="false" allowNull="true"/>
            <element name="bmi" typeRef="java.lang.Double" isList="false" allowNull="true"/>
            <element name="clinicalcomplaint" typeRef="java.lang.String" isList="false" allowNull="true"/>
        </dataobject>
        <dataobject javaType="com.mcddb.data.Diabetes" supportsQuickData="true">
            <element name="id" typeRef="java.lang.Integer" isList="false" allowNull="false">
                <require>delete</require>
                <require>read</require>
                <require>update</require>
                <noChange>delete</noChange>
                <noChange>read</noChange>
                <noChange>update</noChange>
                <exclude>insert</exclude>
            </element>
            <element name="wanttoknowresult" typeRef="java.lang.String" isList="false" allowNull="true"/>
            <element name="bloodsugarlevel" typeRef="java.lang.Double" isList="false" allowNull="true"/>
            <element name="knowndiabetic" typeRef="java.lang.String" isList="false" allowNull="true"/>
            <element name="ontreatment" typeRef="java.lang.String" isList="false" allowNull="true"/>
            <element name="symptoms" typeRef="java.lang.String" isList="false" allowNull="true"/>
            <element name="physicalexam" typeRef="java.lang.String" isList="false" allowNull="true"/>
            <element name="referred" typeRef="java.lang.String" isList="false" allowNull="true"/>
        </dataobject>
        <dataobject javaType="com.mcddb.data.Hiv" supportsQuickData="true">
            <element name="id" typeRef="java.lang.Integer" isList="false" allowNull="false">
                <require>delete</require>
                <require>read</require>
                <require>update</require>
                <noChange>delete</noChange>
                <noChange>read</noChange>
                <noChange>update</noChange>
                <exclude>insert</exclude>
            </element>
            <element name="serolinknumber" typeRef="java.lang.String" isList="false" allowNull="true"/>
            <element name="hivresult" typeRef="java.lang.String" isList="false" allowNull="true"/>
            <element name="priorknowledgeofstatus" typeRef="java.lang.String" isList="false" allowNull="true"/>
            <element name="physicalexam" typeRef="java.lang.String" isList="false" allowNull="true"/>
            <element name="whostage" typeRef="java.lang.String" isList="false" allowNull="true"/>
            <element name="reasonforstage" typeRef="java.lang.String" isList="false" allowNull="true"/>
            <element name="participanttobereferred" typeRef="java.lang.String" isList="false" allowNull="true"/>
        </dataobject>
        <dataobject javaType="com.mcddb.data.Tb" supportsQuickData="true">
            <element name="id" typeRef="java.lang.Integer" isList="false" allowNull="false">
                <require>delete</require>
                <require>read</require>
                <require>update</require>
                <noChange>delete</noChange>
                <noChange>read</noChange>
                <noChange>update</noChange>
                <exclude>insert</exclude>
            </element>
            <element name="knowntbpatient" typeRef="java.lang.String" isList="false" allowNull="true"/>
            <element name="ontbtreatment" typeRef="java.lang.String" isList="false" allowNull="true"/>
            <element name="treatedlast12months" typeRef="java.lang.String" isList="false" allowNull="true"/>
            <element name="symptoms" typeRef="java.lang.String" isList="false" allowNull="true"/>
            <element name="physicalexam" typeRef="java.lang.String" isList="false" allowNull="true"/>
            <element name="participanttobereferred" typeRef="java.lang.String" isList="false" allowNull="true"/>
            <element name="serolinknumber" typeRef="java.lang.String" isList="false" allowNull="true"/>
        </dataobject>
    </dataobjects>
</service>
